{
    "config": {
        "wifi-ssid": {
            "help": "WiFi SSID",
            "value": "\"LAPTOP-RBTKMPRA 4358\""
        },
        "wifi-password": {
            "help": "WiFi Password",
            "value": "\"O07i2\\67\""
        }
    },
    "target_overrides": {
        "*": {
            "platform.stdio-convert-newlines": true,
            "idw0xx1.expansion-board": "IDW01M1",
            "idw0xx1.provide-default": true,
            "idw0xx1.tx": "PA_9",
            "idw0xx1.rx": "PA_10",
            "drivers.uart-serial-txbuf-size": 730,
            "drivers.uart-serial-rxbuf-size": 730
        }
    }
}
