{
    "config": {
	"wifi-shield": {
            "help": "Options are internal, WIFI_ESP8266, WIFI_IDW0XX1",
            "value": "WIFI_IDW0XX1"
	},
        "wifi-ssid": {
            "help": "WiFi SSID",
            "value": "\"LAPTOP-RBTKMPRA 4358\""
        },
        "wifi-password": {
            "help": "WiFi Password",
            "value": "\"O07i2\\67\""
        }
    },
    "target_overrides": {
        "*": {
            "platform.stdio-convert-newlines": true,
            "idw0xx1.expansion-board": "IDW04A1",
            "idw0xx1.provide-default": true, 
            "idw0xx1.tx": "PA_9",
            "idw0xx1.rx": "PA_10",
	    "drivers.uart-serial-txbuf-size": 750,
	    "drivers.uart-serial-rxbuf-size": 750
        }
    },
    "macros": ["IDW04A1_WIFI_HW_BUG_WA"]
}
